Code-Year,Top religion by number of followers,Country,Year
USA1945,Christianity,USA,1945
USA1950,Christianity,USA,1950
USA1955,Christianity,USA,1955
USA1960,Christianity,USA,1960
USA1965,Christianity,USA,1965
USA1970,Christianity,USA,1970
USA1975,Christianity,USA,1975
USA1980,Christianity,USA,1980
USA1985,Christianity,USA,1985
USA1990,Christianity,USA,1990
USA1995,Christianity,USA,1995
USA2000,Christianity,USA,2000
USA2005,Christianity,USA,2005
USA2010,Christianity,USA,2010
CAN1945,Christianity,CAN,1945
CAN1950,Christianity,CAN,1950
CAN1955,Christianity,CAN,1955
CAN1960,Christianity,CAN,1960
CAN1965,Christianity,CAN,1965
CAN1970,Christianity,CAN,1970
CAN1975,Christianity,CAN,1975
CAN1980,Christianity,CAN,1980
CAN1985,Christianity,CAN,1985
CAN1990,Christianity,CAN,1990
CAN1995,Christianity,CAN,1995
CAN2000,Christianity,CAN,2000
CAN2005,Christianity,CAN,2005
CAN2010,Christianity,CAN,2010
BHM1975,Christianity,BHM,1975
BHM1980,Christianity,BHM,1980
BHM1985,Christianity,BHM,1985
BHM1990,Christianity,BHM,1990
BHM1995,Christianity,BHM,1995
BHM2000,Christianity,BHM,2000
BHM2005,Christianity,BHM,2005
BHM2010,Christianity,BHM,2010
CUB1945,Christianity,CUB,1945
CUB1950,Christianity,CUB,1950
CUB1955,Christianity,CUB,1955
CUB1960,Christianity,CUB,1960
CUB1965,Christianity,CUB,1965
CUB1970,Christianity,CUB,1970
CUB1975,Christianity,CUB,1975
CUB1980,Christianity,CUB,1980
CUB1985,Christianity,CUB,1985
CUB1990,Christianity,CUB,1990
CUB1995,Christianity,CUB,1995
CUB2000,Christianity,CUB,2000
CUB2005,Christianity,CUB,2005
CUB2010,Christianity,CUB,2010
HAI1945,Christianity,HAI,1945
HAI1950,Christianity,HAI,1950
HAI1955,Christianity,HAI,1955
HAI1960,Christianity,HAI,1960
HAI1965,Christianity,HAI,1965
HAI1970,Christianity,HAI,1970
HAI1975,Christianity,HAI,1975
HAI1980,Christianity,HAI,1980
HAI1985,Christianity,HAI,1985
HAI1990,Christianity,HAI,1990
HAI1995,Christianity,HAI,1995
HAI2000,Christianity,HAI,2000
HAI2005,Christianity,HAI,2005
HAI2010,Christianity,HAI,2010
DOM1945,Christianity,DOM,1945
DOM1950,Christianity,DOM,1950
DOM1955,Christianity,DOM,1955
DOM1960,Christianity,DOM,1960
DOM1965,Christianity,DOM,1965
DOM1970,Christianity,DOM,1970
DOM1975,Christianity,DOM,1975
DOM1980,Christianity,DOM,1980
DOM1985,Christianity,DOM,1985
DOM1990,Christianity,DOM,1990
DOM1995,Christianity,DOM,1995
DOM2000,Christianity,DOM,2000
DOM2005,Christianity,DOM,2005
DOM2010,Christianity,DOM,2010
JAM1960,Christianity,JAM,1960
JAM1965,Christianity,JAM,1965
JAM1970,Christianity,JAM,1970
JAM1975,Christianity,JAM,1975
JAM1980,Christianity,JAM,1980
JAM1985,Christianity,JAM,1985
JAM1990,Christianity,JAM,1990
JAM1995,Christianity,JAM,1995
JAM2000,Christianity,JAM,2000
JAM2005,Christianity,JAM,2005
JAM2010,Christianity,JAM,2010
TRI1960,Christianity,TRI,1960
TRI1965,Christianity,TRI,1965
TRI1970,Christianity,TRI,1970
TRI1975,Christianity,TRI,1975
TRI1980,Christianity,TRI,1980
TRI1985,Christianity,TRI,1985
TRI1990,Christianity,TRI,1990
TRI1995,Christianity,TRI,1995
TRI2000,Christianity,TRI,2000
TRI2005,Christianity,TRI,2005
TRI2010,Christianity,TRI,2010
BAR1970,Christianity,BAR,1970
BAR1975,Christianity,BAR,1975
BAR1980,Christianity,BAR,1980
BAR1985,Christianity,BAR,1985
BAR1990,Christianity,BAR,1990
BAR1995,Christianity,BAR,1995
BAR2000,Christianity,BAR,2000
BAR2005,Christianity,BAR,2005
BAR2010,Christianity,BAR,2010
DMA1980,Christianity,DMA,1980
DMA1985,Christianity,DMA,1985
DMA1990,Christianity,DMA,1990
DMA1995,Christianity,DMA,1995
DMA2000,Christianity,DMA,2000
DMA2005,Christianity,DMA,2005
DMA2010,Christianity,DMA,2010
GRN1975,Christianity,GRN,1975
GRN1980,Christianity,GRN,1980
GRN1985,Christianity,GRN,1985
GRN1990,Christianity,GRN,1990
GRN1995,Christianity,GRN,1995
GRN2000,Christianity,GRN,2000
GRN2005,Christianity,GRN,2005
GRN2010,Christianity,GRN,2010
SLU1980,Christianity,SLU,1980
SLU1985,Christianity,SLU,1985
SLU1990,Christianity,SLU,1990
SLU1995,Christianity,SLU,1995
SLU2000,Christianity,SLU,2000
SLU2005,Christianity,SLU,2005
SLU2010,Christianity,SLU,2010
SVG1980,Christianity,SVG,1980
SVG1985,Christianity,SVG,1985
SVG1990,Christianity,SVG,1990
SVG1995,Christianity,SVG,1995
SVG2000,Christianity,SVG,2000
SVG2005,Christianity,SVG,2005
SVG2010,Christianity,SVG,2010
AAB1980,Christianity,AAB,1980
AAB1985,Christianity,AAB,1985
AAB1990,Christianity,AAB,1990
AAB1995,Christianity,AAB,1995
AAB2000,Christianity,AAB,2000
AAB2005,Christianity,AAB,2005
AAB2010,Christianity,AAB,2010
SKN1985,Christianity,SKN,1985
SKN1990,Christianity,SKN,1990
SKN1995,Christianity,SKN,1995
SKN2000,Christianity,SKN,2000
SKN2005,Christianity,SKN,2005
SKN2010,Christianity,SKN,2010
MEX1945,Christianity,MEX,1945
MEX1950,Christianity,MEX,1950
MEX1955,Christianity,MEX,1955
MEX1960,Christianity,MEX,1960
MEX1965,Christianity,MEX,1965
MEX1970,Christianity,MEX,1970
MEX1975,Christianity,MEX,1975
MEX1980,Christianity,MEX,1980
MEX1985,Christianity,MEX,1985
MEX1990,Christianity,MEX,1990
MEX1995,Christianity,MEX,1995
MEX2000,Christianity,MEX,2000
MEX2005,Christianity,MEX,2005
MEX2010,Christianity,MEX,2010
BLZ1980,Christianity,BLZ,1980
BLZ1985,Christianity,BLZ,1985
BLZ1990,Christianity,BLZ,1990
BLZ1995,Christianity,BLZ,1995
BLZ2000,Christianity,BLZ,2000
BLZ2005,Christianity,BLZ,2005
BLZ2010,Christianity,BLZ,2010
GUA1945,Christianity,GUA,1945
GUA1950,Christianity,GUA,1950
GUA1955,Christianity,GUA,1955
GUA1960,Christianity,GUA,1960
GUA1965,Christianity,GUA,1965
GUA1970,Christianity,GUA,1970
GUA1975,Christianity,GUA,1975
GUA1980,Christianity,GUA,1980
GUA1985,Christianity,GUA,1985
GUA1990,Christianity,GUA,1990
GUA1995,Christianity,GUA,1995
GUA2000,Christianity,GUA,2000
GUA2005,Christianity,GUA,2005
GUA2010,Christianity,GUA,2010
HON1945,Christianity,HON,1945
HON1950,Christianity,HON,1950
HON1955,Christianity,HON,1955
HON1960,Christianity,HON,1960
HON1965,Christianity,HON,1965
HON1970,Christianity,HON,1970
HON1975,Christianity,HON,1975
HON1980,Christianity,HON,1980
HON1985,Christianity,HON,1985
HON1990,Christianity,HON,1990
HON1995,Christianity,HON,1995
HON2000,Christianity,HON,2000
HON2005,Christianity,HON,2005
HON2010,Christianity,HON,2010
SAL1945,Christianity,SAL,1945
SAL1950,Christianity,SAL,1950
SAL1955,Christianity,SAL,1955
SAL1960,Christianity,SAL,1960
SAL1965,Christianity,SAL,1965
SAL1970,Christianity,SAL,1970
SAL1975,Christianity,SAL,1975
SAL1980,Christianity,SAL,1980
SAL1985,Christianity,SAL,1985
SAL1990,Christianity,SAL,1990
SAL1995,Christianity,SAL,1995
SAL2000,Christianity,SAL,2000
SAL2005,Christianity,SAL,2005
SAL2010,Christianity,SAL,2010
NIC1945,Christianity,NIC,1945
NIC1950,Christianity,NIC,1950
NIC1955,Christianity,NIC,1955
NIC1960,Christianity,NIC,1960
NIC1965,Christianity,NIC,1965
NIC1970,Christianity,NIC,1970
NIC1975,Christianity,NIC,1975
NIC1980,Christianity,NIC,1980
NIC1985,Christianity,NIC,1985
NIC1990,Christianity,NIC,1990
NIC1995,Christianity,NIC,1995
NIC2000,Christianity,NIC,2000
NIC2005,Christianity,NIC,2005
NIC2010,Christianity,NIC,2010
COS1945,Christianity,COS,1945
COS1950,Christianity,COS,1950
COS1955,Christianity,COS,1955
COS1960,Christianity,COS,1960
COS1965,Christianity,COS,1965
COS1970,Christianity,COS,1970
COS1975,Christianity,COS,1975
COS1980,Christianity,COS,1980
COS1985,Christianity,COS,1985
COS1990,Christianity,COS,1990
COS1995,Christianity,COS,1995
COS2000,Christianity,COS,2000
COS2005,Christianity,COS,2005
COS2010,Christianity,COS,2010
PAN1945,Christianity,PAN,1945
PAN1950,Christianity,PAN,1950
PAN1955,Christianity,PAN,1955
PAN1960,Christianity,PAN,1960
PAN1965,Christianity,PAN,1965
PAN1970,Christianity,PAN,1970
PAN1975,Christianity,PAN,1975
PAN1980,Christianity,PAN,1980
PAN1985,Christianity,PAN,1985
PAN1990,Christianity,PAN,1990
PAN1995,Christianity,PAN,1995
PAN2000,Christianity,PAN,2000
PAN2005,Christianity,PAN,2005
PAN2010,Christianity,PAN,2010
COL1945,Christianity,COL,1945
COL1950,Christianity,COL,1950
COL1955,Christianity,COL,1955
COL1960,Christianity,COL,1960
COL1965,Christianity,COL,1965
COL1970,Christianity,COL,1970
COL1975,Christianity,COL,1975
COL1980,Christianity,COL,1980
COL1985,Christianity,COL,1985
COL1990,Christianity,COL,1990
COL1995,Christianity,COL,1995
COL2000,Christianity,COL,2000
COL2005,Christianity,COL,2005
COL2010,Christianity,COL,2010
VEN1945,Christianity,VEN,1945
VEN1950,Christianity,VEN,1950
VEN1955,Christianity,VEN,1955
VEN1960,Christianity,VEN,1960
VEN1965,Christianity,VEN,1965
VEN1970,Christianity,VEN,1970
VEN1975,Christianity,VEN,1975
VEN1980,Christianity,VEN,1980
VEN1985,Christianity,VEN,1985
VEN1990,Christianity,VEN,1990
VEN1995,Christianity,VEN,1995
VEN2000,Christianity,VEN,2000
VEN2005,Christianity,VEN,2005
VEN2010,Christianity,VEN,2010
GUY1970,Christianity,GUY,1970
GUY1975,Christianity,GUY,1975
GUY1980,Christianity,GUY,1980
GUY1985,Christianity,GUY,1985
GUY1990,Christianity,GUY,1990
GUY1995,Christianity,GUY,1995
GUY2000,Christianity,GUY,2000
GUY2005,Christianity,GUY,2005
GUY2010,Christianity,GUY,2010
SUR1975,Christianity,SUR,1975
SUR1980,Christianity,SUR,1980
SUR1985,Christianity,SUR,1985
SUR1990,Christianity,SUR,1990
SUR1995,Christianity,SUR,1995
SUR2000,Christianity,SUR,2000
SUR2005,Christianity,SUR,2005
SUR2010,Christianity,SUR,2010
ECU1945,Christianity,ECU,1945
ECU1950,Christianity,ECU,1950
ECU1955,Christianity,ECU,1955
ECU1960,Christianity,ECU,1960
ECU1965,Christianity,ECU,1965
ECU1970,Christianity,ECU,1970
ECU1975,Christianity,ECU,1975
ECU1980,Christianity,ECU,1980
ECU1985,Christianity,ECU,1985
ECU1990,Christianity,ECU,1990
ECU1995,Christianity,ECU,1995
ECU2000,Christianity,ECU,2000
ECU2005,Christianity,ECU,2005
ECU2010,Christianity,ECU,2010
PER1945,Christianity,PER,1945
PER1950,Christianity,PER,1950
PER1955,Christianity,PER,1955
PER1960,Christianity,PER,1960
PER1965,Christianity,PER,1965
PER1970,Christianity,PER,1970
PER1975,Christianity,PER,1975
PER1980,Christianity,PER,1980
PER1985,Christianity,PER,1985
PER1990,Christianity,PER,1990
PER1995,Christianity,PER,1995
PER2000,Christianity,PER,2000
PER2005,Christianity,PER,2005
PER2010,Christianity,PER,2010
BRA1945,Christianity,BRA,1945
BRA1950,Christianity,BRA,1950
BRA1955,Christianity,BRA,1955
BRA1960,Christianity,BRA,1960
BRA1965,Christianity,BRA,1965
BRA1970,Christianity,BRA,1970
BRA1975,Christianity,BRA,1975
BRA1980,Christianity,BRA,1980
BRA1985,Christianity,BRA,1985
BRA1990,Christianity,BRA,1990
BRA1995,Christianity,BRA,1995
BRA2000,Christianity,BRA,2000
BRA2005,Christianity,BRA,2005
BRA2010,Christianity,BRA,2010
BOL1945,Christianity,BOL,1945
BOL1950,Christianity,BOL,1950
BOL1955,Christianity,BOL,1955
BOL1960,Christianity,BOL,1960
BOL1965,Christianity,BOL,1965
BOL1970,Christianity,BOL,1970
BOL1975,Christianity,BOL,1975
BOL1980,Christianity,BOL,1980
BOL1985,Christianity,BOL,1985
BOL1990,Christianity,BOL,1990
BOL1995,Christianity,BOL,1995
BOL2000,Christianity,BOL,2000
BOL2005,Christianity,BOL,2005
BOL2010,Christianity,BOL,2010
PAR1945,Christianity,PAR,1945
PAR1950,Christianity,PAR,1950
PAR1955,Christianity,PAR,1955
PAR1960,Christianity,PAR,1960
PAR1965,Christianity,PAR,1965
PAR1970,Christianity,PAR,1970
PAR1975,Christianity,PAR,1975
PAR1980,Christianity,PAR,1980
PAR1985,Christianity,PAR,1985
PAR1990,Christianity,PAR,1990
PAR1995,Christianity,PAR,1995
PAR2000,Christianity,PAR,2000
PAR2005,Christianity,PAR,2005
PAR2010,Christianity,PAR,2010
CHL1945,Christianity,CHL,1945
CHL1950,Christianity,CHL,1950
CHL1955,Christianity,CHL,1955
CHL1960,Christianity,CHL,1960
CHL1965,Christianity,CHL,1965
CHL1970,Christianity,CHL,1970
CHL1975,Christianity,CHL,1975
CHL1980,Christianity,CHL,1980
CHL1985,Christianity,CHL,1985
CHL1990,Christianity,CHL,1990
CHL1995,Christianity,CHL,1995
CHL2000,Christianity,CHL,2000
CHL2005,Christianity,CHL,2005
CHL2010,Christianity,CHL,2010
ARG1945,Christianity,ARG,1945
ARG1950,Christianity,ARG,1950
ARG1955,Christianity,ARG,1955
ARG1960,Christianity,ARG,1960
ARG1965,Christianity,ARG,1965
ARG1970,Christianity,ARG,1970
ARG1975,Christianity,ARG,1975
ARG1980,Christianity,ARG,1980
ARG1985,Christianity,ARG,1985
ARG1990,Christianity,ARG,1990
ARG1995,Christianity,ARG,1995
ARG2000,Christianity,ARG,2000
ARG2005,Christianity,ARG,2005
ARG2010,Christianity,ARG,2010
URU1945,Christianity,URU,1945
URU1950,Christianity,URU,1950
URU1955,Christianity,URU,1955
URU1960,Christianity,URU,1960
URU1965,Christianity,URU,1965
URU1970,Christianity,URU,1970
URU1975,Christianity,URU,1975
URU1980,Christianity,URU,1980
URU1985,Christianity,URU,1985
URU1990,Christianity,URU,1990
URU1995,Christianity,URU,1995
URU2000,Christianity,URU,2000
URU2005,Christianity,URU,2005
URU2010,Christianity,URU,2010
UKG1945,Christianity,UKG,1945
UKG1950,Christianity,UKG,1950
UKG1955,Christianity,UKG,1955
UKG1960,Christianity,UKG,1960
UKG1965,Christianity,UKG,1965
UKG1970,Christianity,UKG,1970
UKG1975,Christianity,UKG,1975
UKG1980,Christianity,UKG,1980
UKG1985,Christianity,UKG,1985
UKG1990,Christianity,UKG,1990
UKG1995,Christianity,UKG,1995
UKG2000,Christianity,UKG,2000
UKG2005,Christianity,UKG,2005
UKG2010,Christianity,UKG,2010
IRE1945,Christianity,IRE,1945
IRE1950,Christianity,IRE,1950
IRE1955,Christianity,IRE,1955
IRE1960,Christianity,IRE,1960
IRE1965,Christianity,IRE,1965
IRE1970,Christianity,IRE,1970
IRE1975,Christianity,IRE,1975
IRE1980,Christianity,IRE,1980
IRE1985,Christianity,IRE,1985
IRE1990,Christianity,IRE,1990
IRE1995,Christianity,IRE,1995
IRE2000,Christianity,IRE,2000
IRE2005,Christianity,IRE,2005
IRE2010,Christianity,IRE,2010
NTH1955,Christianity,NTH,1955
NTH1960,Christianity,NTH,1960
NTH1965,Christianity,NTH,1965
NTH1970,Christianity,NTH,1970
NTH1975,Christianity,NTH,1975
NTH1980,Christianity,NTH,1980
NTH1985,Christianity,NTH,1985
NTH1990,Christianity,NTH,1990
NTH1995,Christianity,NTH,1995
NTH2000,Christianity,NTH,2000
NTH2005,Christianity,NTH,2005
NTH2010,Christianity,NTH,2010
BEL1945,Christianity,BEL,1945
BEL1950,Christianity,BEL,1950
BEL1955,Christianity,BEL,1955
BEL1960,Christianity,BEL,1960
BEL1965,Christianity,BEL,1965
BEL1970,Christianity,BEL,1970
BEL1975,Christianity,BEL,1975
BEL1980,Christianity,BEL,1980
BEL1985,Christianity,BEL,1985
BEL1990,Christianity,BEL,1990
BEL1995,Christianity,BEL,1995
BEL2000,Christianity,BEL,2000
BEL2005,Christianity,BEL,2005
BEL2010,Christianity,BEL,2010
LUX1945,Christianity,LUX,1945
LUX1950,Christianity,LUX,1950
LUX1955,Christianity,LUX,1955
LUX1960,Christianity,LUX,1960
LUX1965,Christianity,LUX,1965
LUX1970,Christianity,LUX,1970
LUX1975,Christianity,LUX,1975
LUX1980,Christianity,LUX,1980
LUX1985,Christianity,LUX,1985
LUX1990,Christianity,LUX,1990
LUX1995,Christianity,LUX,1995
LUX2000,Christianity,LUX,2000
LUX2005,Christianity,LUX,2005
LUX2010,Christianity,LUX,2010
FRN1945,Christianity,FRN,1945
FRN1950,Christianity,FRN,1950
FRN1955,Christianity,FRN,1955
FRN1960,Christianity,FRN,1960
FRN1965,Christianity,FRN,1965
FRN1970,Christianity,FRN,1970
FRN1975,Christianity,FRN,1975
FRN1980,Christianity,FRN,1980
FRN1985,Christianity,FRN,1985
FRN1990,Christianity,FRN,1990
FRN1995,Christianity,FRN,1995
FRN2000,Christianity,FRN,2000
FRN2005,Christianity,FRN,2005
FRN2010,Christianity,FRN,2010
MNC1995,Christianity,MNC,1995
MNC2000,Christianity,MNC,2000
MNC2005,Christianity,MNC,2005
MNC2010,Christianity,MNC,2010
LIE1990,Christianity,LIE,1990
LIE1995,Christianity,LIE,1995
LIE2000,Christianity,LIE,2000
LIE2005,Christianity,LIE,2005
LIE2010,Christianity,LIE,2010
SWZ1945,Christianity,SWZ,1945
SWZ1950,Christianity,SWZ,1950
SWZ1955,Christianity,SWZ,1955
SWZ1960,Christianity,SWZ,1960
SWZ1965,Christianity,SWZ,1965
SWZ1970,Christianity,SWZ,1970
SWZ1975,Christianity,SWZ,1975
SWZ1980,Christianity,SWZ,1980
SWZ1985,Christianity,SWZ,1985
SWZ1990,Christianity,SWZ,1990
SWZ1995,Christianity,SWZ,1995
SWZ2000,Christianity,SWZ,2000
SWZ2005,Christianity,SWZ,2005
SWZ2010,Christianity,SWZ,2010
SPN1945,Christianity,SPN,1945
SPN1950,Christianity,SPN,1950
SPN1955,Christianity,SPN,1955
SPN1960,Christianity,SPN,1960
SPN1965,Christianity,SPN,1965
SPN1970,Christianity,SPN,1970
SPN1975,Christianity,SPN,1975
SPN1980,Christianity,SPN,1980
SPN1985,Christianity,SPN,1985
SPN1990,Christianity,SPN,1990
SPN1995,Christianity,SPN,1995
SPN2000,Christianity,SPN,2000
SPN2005,Christianity,SPN,2005
SPN2010,Christianity,SPN,2010
AND1995,Christianity,AND,1995
AND2000,Christianity,AND,2000
AND2005,Christianity,AND,2005
AND2010,Christianity,AND,2010
POR1945,Christianity,POR,1945
POR1950,Christianity,POR,1950
POR1955,Christianity,POR,1955
POR1960,Christianity,POR,1960
POR1965,Christianity,POR,1965
POR1970,Christianity,POR,1970
POR1975,Christianity,POR,1975
POR1980,Christianity,POR,1980
POR1985,Christianity,POR,1985
POR1990,Christianity,POR,1990
POR1995,Christianity,POR,1995
POR2000,Christianity,POR,2000
POR2005,Christianity,POR,2005
POR2010,Christianity,POR,2010
GMY1945,Christianity,GMY,1945
GMY1990,Christianity,GMY,1990
GMY1995,Christianity,GMY,1995
GMY2000,Christianity,GMY,2000
GMY2005,Christianity,GMY,2005
GMY2010,Christianity,GMY,2010
GFR1955,Christianity,GFR,1955
GFR1960,Christianity,GFR,1960
GFR1965,Christianity,GFR,1965
GFR1970,Christianity,GFR,1970
GFR1975,Christianity,GFR,1975
GFR1980,Christianity,GFR,1980
GFR1985,Christianity,GFR,1985
GFR1990,Christianity,GFR,1990
GDR1955,Christianity,GDR,1955
GDR1960,Christianity,GDR,1960
GDR1965,Christianity,GDR,1965
GDR1970,Christianity,GDR,1970
GDR1975,Christianity,GDR,1975
GDR1980,Christianity,GDR,1980
GDR1985,Christianity,GDR,1985
POL1945,Christianity,POL,1945
POL1950,Christianity,POL,1950
POL1955,Christianity,POL,1955
POL1960,Christianity,POL,1960
POL1965,Christianity,POL,1965
POL1970,Christianity,POL,1970
POL1975,Christianity,POL,1975
POL1980,Christianity,POL,1980
POL1985,Christianity,POL,1985
POL1990,Christianity,POL,1990
POL1995,Christianity,POL,1995
POL2000,Christianity,POL,2000
POL2005,Christianity,POL,2005
POL2010,Christianity,POL,2010
AUS1955,Christianity,AUS,1955
AUS1960,Christianity,AUS,1960
AUS1965,Christianity,AUS,1965
AUS1970,Christianity,AUS,1970
AUS1975,Christianity,AUS,1975
AUS1980,Christianity,AUS,1980
AUS1985,Christianity,AUS,1985
AUS1990,Christianity,AUS,1990
AUS1995,Christianity,AUS,1995
AUS2000,Christianity,AUS,2000
AUS2005,Christianity,AUS,2005
AUS2010,Christianity,AUS,2010
HUN1945,Christianity,HUN,1945
HUN1950,Christianity,HUN,1950
HUN1955,Christianity,HUN,1955
HUN1960,Christianity,HUN,1960
HUN1965,Christianity,HUN,1965
HUN1970,Christianity,HUN,1970
HUN1975,Christianity,HUN,1975
HUN1980,Christianity,HUN,1980
HUN1985,Christianity,HUN,1985
HUN1990,Christianity,HUN,1990
HUN1995,Christianity,HUN,1995
HUN2000,Christianity,HUN,2000
HUN2005,Christianity,HUN,2005
HUN2010,Christianity,HUN,2010
CZE1945,Christianity,CZE,1945
CZE1950,Christianity,CZE,1950
CZE1955,Christianity,CZE,1955
CZE1960,Christianity,CZE,1960
CZE1965,Christianity,CZE,1965
CZE1970,Christianity,CZE,1970
CZE1975,Christianity,CZE,1975
CZE1980,Christianity,CZE,1980
CZE1985,Christianity,CZE,1985
CZE1990,Christianity,CZE,1990
CZR1995,Non Religious,CZR,1995
CZR2000,Christianity,CZR,2000
CZR2005,Non Religious,CZR,2005
CZR2010,Non Religious,CZR,2010
SLO1995,Christianity,SLO,1995
SLO2000,Christianity,SLO,2000
SLO2005,Christianity,SLO,2005
SLO2010,Christianity,SLO,2010
ITA1945,Christianity,ITA,1945
ITA1950,Christianity,ITA,1950
ITA1955,Christianity,ITA,1955
ITA1960,Christianity,ITA,1960
ITA1965,Christianity,ITA,1965
ITA1970,Christianity,ITA,1970
ITA1975,Christianity,ITA,1975
ITA1980,Christianity,ITA,1980
ITA1985,Christianity,ITA,1985
ITA1990,Christianity,ITA,1990
ITA1995,Christianity,ITA,1995
ITA2000,Christianity,ITA,2000
ITA2005,Christianity,ITA,2005
ITA2010,Christianity,ITA,2010
SNM1995,Christianity,SNM,1995
SNM2000,Christianity,SNM,2000
SNM2005,Christianity,SNM,2005
SNM2010,Christianity,SNM,2010
MLT1965,Christianity,MLT,1965
MLT1970,Christianity,MLT,1970
MLT1975,Christianity,MLT,1975
MLT1980,Christianity,MLT,1980
MLT1985,Christianity,MLT,1985
MLT1990,Christianity,MLT,1990
MLT1995,Christianity,MLT,1995
MLT2000,Christianity,MLT,2000
MLT2005,Christianity,MLT,2005
MLT2010,Christianity,MLT,2010
ALB1945,Islam,ALB,1945
ALB1950,Islam,ALB,1950
ALB1955,Islam,ALB,1955
ALB1960,Islam,ALB,1960
ALB1965,Islam,ALB,1965
ALB1970,Islam,ALB,1970
ALB1975,Islam,ALB,1975
ALB1980,Islam,ALB,1980
ALB1985,Islam,ALB,1985
ALB1990,Islam,ALB,1990
ALB1995,Islam,ALB,1995
ALB2000,Islam,ALB,2000
ALB2005,Islam,ALB,2005
ALB2010,Islam,ALB,2010
MNG2010,Christianity,MNG,2010
MAC1995,Christianity,MAC,1995
MAC2000,Christianity,MAC,2000
MAC2005,Christianity,MAC,2005
MAC2010,Christianity,MAC,2010
CRO1995,Christianity,CRO,1995
CRO2000,Christianity,CRO,2000
CRO2005,Christianity,CRO,2005
CRO2010,Christianity,CRO,2010
YUG1945,Christianity,YUG,1945
YUG1950,Christianity,YUG,1950
YUG1955,Christianity,YUG,1955
YUG1960,Christianity,YUG,1960
YUG1965,Christianity,YUG,1965
YUG1970,Christianity,YUG,1970
YUG1975,Christianity,YUG,1975
YUG1980,Christianity,YUG,1980
YUG1985,Christianity,YUG,1985
YUG1990,Christianity,YUG,1990
YUG1995,Christianity,YUG,1995
YUG2000,Christianity,YUG,2000
YUG2005,Christianity,YUG,2005
YUG2010,Christianity,YUG,2010
BOS1995,Christianity,BOS,1995
BOS2000,Christianity,BOS,2000
BOS2005,Christianity,BOS,2005
BOS2010,Christianity,BOS,2010
KOS2010,Islam,KOS,2010
SLV1995,Christianity,SLV,1995
SLV2000,Christianity,SLV,2000
SLV2005,Christianity,SLV,2005
SLV2010,Christianity,SLV,2010
GRC1945,Christianity,GRC,1945
GRC1950,Christianity,GRC,1950
GRC1955,Christianity,GRC,1955
GRC1960,Christianity,GRC,1960
GRC1965,Christianity,GRC,1965
GRC1970,Christianity,GRC,1970
GRC1975,Christianity,GRC,1975
GRC1980,Christianity,GRC,1980
GRC1985,Christianity,GRC,1985
GRC1990,Christianity,GRC,1990
GRC1995,Christianity,GRC,1995
GRC2000,Christianity,GRC,2000
GRC2005,Christianity,GRC,2005
GRC2010,Christianity,GRC,2010
CYP1960,Christianity,CYP,1960
CYP1965,Christianity,CYP,1965
CYP1970,Christianity,CYP,1970
CYP1975,Christianity,CYP,1975
CYP1980,Christianity,CYP,1980
CYP1985,Christianity,CYP,1985
CYP1990,Christianity,CYP,1990
CYP1995,Christianity,CYP,1995
CYP2000,Christianity,CYP,2000
CYP2005,Christianity,CYP,2005
CYP2010,Christianity,CYP,2010
BUL1945,Christianity,BUL,1945
BUL1950,Christianity,BUL,1950
BUL1955,Christianity,BUL,1955
BUL1960,Christianity,BUL,1960
BUL1965,Christianity,BUL,1965
BUL1970,Christianity,BUL,1970
BUL1975,Christianity,BUL,1975
BUL1980,Christianity,BUL,1980
BUL1985,Christianity,BUL,1985
BUL1990,Christianity,BUL,1990
BUL1995,Christianity,BUL,1995
BUL2000,Christianity,BUL,2000
BUL2005,Christianity,BUL,2005
BUL2010,Christianity,BUL,2010
MLD1995,Christianity,MLD,1995
MLD2000,Christianity,MLD,2000
MLD2005,Christianity,MLD,2005
MLD2010,Christianity,MLD,2010
ROM1945,Christianity,ROM,1945
ROM1950,Christianity,ROM,1950
ROM1955,Christianity,ROM,1955
ROM1960,Christianity,ROM,1960
ROM1965,Christianity,ROM,1965
ROM1970,Christianity,ROM,1970
ROM1975,Christianity,ROM,1975
ROM1980,Christianity,ROM,1980
ROM1985,Christianity,ROM,1985
ROM1990,Christianity,ROM,1990
ROM1995,Christianity,ROM,1995
ROM2000,Christianity,ROM,2000
ROM2005,Christianity,ROM,2005
ROM2010,Christianity,ROM,2010
RUS1945,Christianity,RUS,1945
RUS1950,Christianity,RUS,1950
RUS1955,Christianity,RUS,1955
RUS1960,Christianity,RUS,1960
RUS1965,Christianity,RUS,1965
RUS1970,Christianity,RUS,1970
RUS1975,Christianity,RUS,1975
RUS1980,Non Religious,RUS,1980
RUS1985,Non Religious,RUS,1985
RUS1990,Non Religious,RUS,1990
RUS1995,Non Religious,RUS,1995
RUS2000,Christianity,RUS,2000
RUS2005,Christianity,RUS,2005
RUS2010,Christianity,RUS,2010
EST1995,Christianity,EST,1995
EST2000,Christianity,EST,2000
EST2005,Non Religious,EST,2005
EST2010,Non Religious,EST,2010
LAT1995,Christianity,LAT,1995
LAT2000,Christianity,LAT,2000
LAT2005,Christianity,LAT,2005
LAT2010,Christianity,LAT,2010
LIT1995,Christianity,LIT,1995
LIT2000,Christianity,LIT,2000
LIT2005,Christianity,LIT,2005
LIT2010,Christianity,LIT,2010
UKR1995,Christianity,UKR,1995
UKR2000,Christianity,UKR,2000
UKR2005,Christianity,UKR,2005
UKR2010,Christianity,UKR,2010
BLR1995,Christianity,BLR,1995
BLR2000,Christianity,BLR,2000
BLR2005,Christianity,BLR,2005
BLR2010,Christianity,BLR,2010
ARM1995,Christianity,ARM,1995
ARM2000,Christianity,ARM,2000
ARM2005,Christianity,ARM,2005
ARM2010,Christianity,ARM,2010
GRG1995,Christianity,GRG,1995
GRG2000,Christianity,GRG,2000
GRG2005,Christianity,GRG,2005
GRG2010,Christianity,GRG,2010
AZE1995,Islam,AZE,1995
AZE2000,Islam,AZE,2000
AZE2005,Islam,AZE,2005
AZE2010,Islam,AZE,2010
FIN1945,Christianity,FIN,1945
FIN1950,Christianity,FIN,1950
FIN1955,Christianity,FIN,1955
FIN1960,Christianity,FIN,1960
FIN1965,Christianity,FIN,1965
FIN1970,Christianity,FIN,1970
FIN1975,Christianity,FIN,1975
FIN1980,Christianity,FIN,1980
FIN1985,Christianity,FIN,1985
FIN1990,Christianity,FIN,1990
FIN1995,Christianity,FIN,1995
FIN2000,Christianity,FIN,2000
FIN2005,Christianity,FIN,2005
FIN2010,Christianity,FIN,2010
SWD1945,Christianity,SWD,1945
SWD1950,Christianity,SWD,1950
SWD1955,Christianity,SWD,1955
SWD1960,Christianity,SWD,1960
SWD1965,Christianity,SWD,1965
SWD1970,Christianity,SWD,1970
SWD1975,Christianity,SWD,1975
SWD1980,Christianity,SWD,1980
SWD1985,Christianity,SWD,1985
SWD1990,Christianity,SWD,1990
SWD1995,Christianity,SWD,1995
SWD2000,Christianity,SWD,2000
SWD2005,Christianity,SWD,2005
SWD2010,Christianity,SWD,2010
NOR1945,Christianity,NOR,1945
NOR1950,Christianity,NOR,1950
NOR1955,Christianity,NOR,1955
NOR1960,Christianity,NOR,1960
NOR1965,Christianity,NOR,1965
NOR1970,Christianity,NOR,1970
NOR1975,Christianity,NOR,1975
NOR1980,Christianity,NOR,1980
NOR1985,Christianity,NOR,1985
NOR1990,Christianity,NOR,1990
NOR1995,Christianity,NOR,1995
NOR2000,Christianity,NOR,2000
NOR2005,Christianity,NOR,2005
NOR2010,Christianity,NOR,2010
DEN1945,Christianity,DEN,1945
DEN1950,Christianity,DEN,1950
DEN1955,Christianity,DEN,1955
DEN1960,Christianity,DEN,1960
DEN1965,Christianity,DEN,1965
DEN1970,Christianity,DEN,1970
DEN1975,Christianity,DEN,1975
DEN1980,Christianity,DEN,1980
DEN1985,Christianity,DEN,1985
DEN1990,Christianity,DEN,1990
DEN1995,Christianity,DEN,1995
DEN2000,Christianity,DEN,2000
DEN2005,Christianity,DEN,2005
DEN2010,Christianity,DEN,2010
ICE1945,Christianity,ICE,1945
ICE1950,Christianity,ICE,1950
ICE1955,Christianity,ICE,1955
ICE1960,Christianity,ICE,1960
ICE1965,Christianity,ICE,1965
ICE1970,Christianity,ICE,1970
ICE1975,Christianity,ICE,1975
ICE1980,Christianity,ICE,1980
ICE1985,Christianity,ICE,1985
ICE1990,Christianity,ICE,1990
ICE1995,Christianity,ICE,1995
ICE2000,Christianity,ICE,2000
ICE2005,Christianity,ICE,2005
ICE2010,Christianity,ICE,2010
CAP1975,Christianity,CAP,1975
CAP1980,Christianity,CAP,1980
CAP1985,Christianity,CAP,1985
CAP1990,Christianity,CAP,1990
CAP1995,Christianity,CAP,1995
CAP2000,Christianity,CAP,2000
CAP2005,Christianity,CAP,2005
CAP2010,Christianity,CAP,2010
STP1975,Christianity,STP,1975
STP1980,Christianity,STP,1980
STP1985,Christianity,STP,1985
STP1990,Christianity,STP,1990
STP1995,Christianity,STP,1995
STP2000,Christianity,STP,2000
STP2005,Christianity,STP,2005
STP2010,Christianity,STP,2010
GNB1975,Islam,GNB,1975
GNB1980,Islam,GNB,1980
GNB1985,Islam,GNB,1985
GNB1990,Islam,GNB,1990
GNB1995,Islam,GNB,1995
GNB2000,Islam,GNB,2000
GNB2005,Islam,GNB,2005
GNB2010,Islam,GNB,2010
EQG1970,Christianity,EQG,1970
EQG1975,Christianity,EQG,1975
EQG1980,Christianity,EQG,1980
EQG1985,Christianity,EQG,1985
EQG1990,Christianity,EQG,1990
EQG1995,Christianity,EQG,1995
EQG2000,Christianity,EQG,2000
EQG2005,Christianity,EQG,2005
EQG2010,Christianity,EQG,2010
GAM1965,Islam,GAM,1965
GAM1970,Islam,GAM,1970
GAM1975,Islam,GAM,1975
GAM1980,Islam,GAM,1980
GAM1985,Islam,GAM,1985
GAM1990,Islam,GAM,1990
GAM1995,Islam,GAM,1995
GAM2000,Islam,GAM,2000
GAM2005,Islam,GAM,2005
GAM2010,Islam,GAM,2010
MLI1960,Islam,MLI,1960
MLI1965,Islam,MLI,1965
MLI1970,Islam,MLI,1970
MLI1975,Islam,MLI,1975
MLI1980,Islam,MLI,1980
MLI1985,Islam,MLI,1985
MLI1990,Islam,MLI,1990
MLI1995,Islam,MLI,1995
MLI2000,Islam,MLI,2000
MLI2005,Islam,MLI,2005
MLI2010,Islam,MLI,2010
SEN1960,Islam,SEN,1960
SEN1965,Islam,SEN,1965
SEN1970,Islam,SEN,1970
SEN1975,Islam,SEN,1975
SEN1980,Islam,SEN,1980
SEN1985,Islam,SEN,1985
SEN1990,Islam,SEN,1990
SEN1995,Islam,SEN,1995
SEN2000,Islam,SEN,2000
SEN2005,Islam,SEN,2005
SEN2010,Islam,SEN,2010
BEN1960,Animist,BEN,1960
BEN1965,Animist,BEN,1965
BEN1970,Animist,BEN,1970
BEN1975,Animist,BEN,1975
BEN1980,Animist,BEN,1980
BEN1985,Animist,BEN,1985
BEN1990,Christianity,BEN,1990
BEN1995,Christianity,BEN,1995
BEN2000,Christianity,BEN,2000
BEN2005,Christianity,BEN,2005
BEN2010,Christianity,BEN,2010
MAA1960,Islam,MAA,1960
MAA1965,Islam,MAA,1965
MAA1970,Islam,MAA,1970
MAA1975,Islam,MAA,1975
MAA1980,Islam,MAA,1980
MAA1985,Islam,MAA,1985
MAA1990,Islam,MAA,1990
MAA1995,Islam,MAA,1995
MAA2000,Islam,MAA,2000
MAA2005,Islam,MAA,2005
MAA2010,Islam,MAA,2010
NIR1960,Islam,NIR,1960
NIR1965,Islam,NIR,1965
NIR1970,Islam,NIR,1970
NIR1975,Islam,NIR,1975
NIR1980,Islam,NIR,1980
NIR1985,Islam,NIR,1985
NIR1990,Islam,NIR,1990
NIR1995,Islam,NIR,1995
NIR2000,Islam,NIR,2000
NIR2005,Islam,NIR,2005
NIR2010,Islam,NIR,2010
CDI1960,Animist,CDI,1960
CDI1965,Animist,CDI,1965
CDI1970,Animist,CDI,1970
CDI1975,Christianity,CDI,1975
CDI1980,Christianity,CDI,1980
CDI1985,Christianity,CDI,1985
CDI1990,Islam,CDI,1990
CDI1995,Islam,CDI,1995
CDI2000,Islam,CDI,2000
CDI2005,Islam,CDI,2005
CDI2010,Islam,CDI,2010
GUI1960,Islam,GUI,1960
GUI1965,Islam,GUI,1965
GUI1970,Islam,GUI,1970
GUI1975,Islam,GUI,1975
GUI1980,Islam,GUI,1980
GUI1985,Islam,GUI,1985
GUI1990,Islam,GUI,1990
GUI1995,Islam,GUI,1995
GUI2000,Islam,GUI,2000
GUI2005,Islam,GUI,2005
GUI2010,Islam,GUI,2010
BFO1960,Animist,BFO,1960
BFO1965,Animist,BFO,1965
BFO1970,Islam,BFO,1970
BFO1975,Islam,BFO,1975
BFO1980,Islam,BFO,1980
BFO1985,Islam,BFO,1985
BFO1990,Islam,BFO,1990
BFO1995,Islam,BFO,1995
BFO2000,Islam,BFO,2000
BFO2005,Islam,BFO,2005
BFO2010,Islam,BFO,2010
LBR1945,Animist,LBR,1945
LBR1950,Animist,LBR,1950
LBR1955,Animist,LBR,1955
LBR1960,Animist,LBR,1960
LBR1965,Animist,LBR,1965
LBR1970,Animist,LBR,1970
LBR1975,Christianity,LBR,1975
LBR1980,Christianity,LBR,1980
LBR1985,Christianity,LBR,1985
LBR1990,Christianity,LBR,1990
LBR1995,Christianity,LBR,1995
LBR2000,Christianity,LBR,2000
LBR2005,Christianity,LBR,2005
LBR2010,Christianity,LBR,2010
SIE1965,Islam,SIE,1965
SIE1970,Islam,SIE,1970
SIE1975,Islam,SIE,1975
SIE1980,Islam,SIE,1980
SIE1985,Islam,SIE,1985
SIE1990,Islam,SIE,1990
SIE1995,Islam,SIE,1995
SIE2000,Islam,SIE,2000
SIE2005,Islam,SIE,2005
SIE2010,Islam,SIE,2010
GHA1960,Christianity,GHA,1960
GHA1965,Christianity,GHA,1965
GHA1970,Christianity,GHA,1970
GHA1975,Christianity,GHA,1975
GHA1980,Christianity,GHA,1980
GHA1985,Christianity,GHA,1985
GHA1990,Christianity,GHA,1990
GHA1995,Christianity,GHA,1995
GHA2000,Christianity,GHA,2000
GHA2005,Christianity,GHA,2005
GHA2010,Christianity,GHA,2010
TOG1960,Animist,TOG,1960
TOG1965,Animist,TOG,1965
TOG1970,Animist,TOG,1970
TOG1975,Christianity,TOG,1975
TOG1980,Christianity,TOG,1980
TOG1985,Christianity,TOG,1985
TOG1990,Christianity,TOG,1990
TOG1995,Christianity,TOG,1995
TOG2000,Christianity,TOG,2000
TOG2005,Christianity,TOG,2005
TOG2010,Christianity,TOG,2010
CAO1960,Christianity,CAO,1960
CAO1965,Christianity,CAO,1965
CAO1970,Christianity,CAO,1970
CAO1975,Christianity,CAO,1975
CAO1980,Christianity,CAO,1980
CAO1985,Christianity,CAO,1985
CAO1990,Christianity,CAO,1990
CAO1995,Christianity,CAO,1995
CAO2000,Christianity,CAO,2000
CAO2005,Christianity,CAO,2005
CAO2010,Christianity,CAO,2010
NIG1960,Christianity,NIG,1960
NIG1965,Islam,NIG,1965
NIG1970,Islam,NIG,1970
NIG1975,Islam,NIG,1975
NIG1980,Christianity,NIG,1980
NIG1985,Islam,NIG,1985
NIG1990,Christianity,NIG,1990
NIG1995,Islam,NIG,1995
NIG2000,Islam,NIG,2000
NIG2005,Islam,NIG,2005
NIG2010,Islam,NIG,2010
GAB1960,Christianity,GAB,1960
GAB1965,Christianity,GAB,1965
GAB1970,Christianity,GAB,1970
GAB1975,Christianity,GAB,1975
GAB1980,Christianity,GAB,1980
GAB1985,Christianity,GAB,1985
GAB1990,Christianity,GAB,1990
GAB1995,Christianity,GAB,1995
GAB2000,Christianity,GAB,2000
GAB2005,Christianity,GAB,2005
GAB2010,Christianity,GAB,2010
CEN1960,Christianity,CEN,1960
CEN1965,Christianity,CEN,1965
CEN1970,Christianity,CEN,1970
CEN1975,Christianity,CEN,1975
CEN1980,Christianity,CEN,1980
CEN1985,Christianity,CEN,1985
CEN1990,Christianity,CEN,1990
CEN1995,Christianity,CEN,1995
CEN2000,Christianity,CEN,2000
CEN2005,Christianity,CEN,2005
CEN2010,Christianity,CEN,2010
CHA1960,Islam,CHA,1960
CHA1965,Islam,CHA,1965
CHA1970,Islam,CHA,1970
CHA1975,Islam,CHA,1975
CHA1980,Islam,CHA,1980
CHA1985,Islam,CHA,1985
CHA1990,Islam,CHA,1990
CHA1995,Islam,CHA,1995
CHA2000,Islam,CHA,2000
CHA2005,Islam,CHA,2005
CHA2010,Islam,CHA,2010
CON1960,Christianity,CON,1960
CON1965,Christianity,CON,1965
CON1970,Christianity,CON,1970
CON1975,Christianity,CON,1975
CON1980,Christianity,CON,1980
CON1985,Christianity,CON,1985
CON1990,Christianity,CON,1990
CON1995,Christianity,CON,1995
CON2000,Christianity,CON,2000
CON2005,Christianity,CON,2005
CON2010,Christianity,CON,2010
DRC1960,Christianity,DRC,1960
DRC1965,Christianity,DRC,1965
DRC1970,Christianity,DRC,1970
DRC1975,Christianity,DRC,1975
DRC1980,Christianity,DRC,1980
DRC1985,Christianity,DRC,1985
DRC1990,Christianity,DRC,1990
DRC1995,Christianity,DRC,1995
DRC2000,Christianity,DRC,2000
DRC2005,Christianity,DRC,2005
DRC2010,Christianity,DRC,2010
UGA1965,Christianity,UGA,1965
UGA1970,Christianity,UGA,1970
UGA1975,Christianity,UGA,1975
UGA1980,Christianity,UGA,1980
UGA1985,Christianity,UGA,1985
UGA1990,Christianity,UGA,1990
UGA1995,Christianity,UGA,1995
UGA2000,Christianity,UGA,2000
UGA2005,Christianity,UGA,2005
UGA2010,Christianity,UGA,2010
KEN1965,Christianity,KEN,1965
KEN1970,Christianity,KEN,1970
KEN1975,Christianity,KEN,1975
KEN1980,Christianity,KEN,1980
KEN1985,Christianity,KEN,1985
KEN1990,Christianity,KEN,1990
KEN1995,Christianity,KEN,1995
KEN2000,Christianity,KEN,2000
KEN2005,Christianity,KEN,2005
KEN2010,Christianity,KEN,2010
TAZ1965,Christianity,TAZ,1965
TAZ1970,Christianity,TAZ,1970
TAZ1975,Christianity,TAZ,1975
TAZ1980,Christianity,TAZ,1980
TAZ1985,Christianity,TAZ,1985
TAZ1990,Christianity,TAZ,1990
TAZ1995,Christianity,TAZ,1995
TAZ2000,Christianity,TAZ,2000
TAZ2005,Christianity,TAZ,2005
TAZ2010,Christianity,TAZ,2010
BUI1965,Christianity,BUI,1965
BUI1970,Christianity,BUI,1970
BUI1975,Christianity,BUI,1975
BUI1980,Christianity,BUI,1980
BUI1985,Christianity,BUI,1985
BUI1990,Christianity,BUI,1990
BUI1995,Christianity,BUI,1995
BUI2000,Christianity,BUI,2000
BUI2005,Christianity,BUI,2005
BUI2010,Christianity,BUI,2010
RWA1965,Christianity,RWA,1965
RWA1970,Christianity,RWA,1970
RWA1975,Christianity,RWA,1975
RWA1980,Christianity,RWA,1980
RWA1985,Christianity,RWA,1985
RWA1990,Christianity,RWA,1990
RWA1995,Christianity,RWA,1995
RWA2000,Christianity,RWA,2000
RWA2005,Christianity,RWA,2005
RWA2010,Christianity,RWA,2010
SOM1960,Islam,SOM,1960
SOM1965,Islam,SOM,1965
SOM1970,Islam,SOM,1970
SOM1975,Islam,SOM,1975
SOM1980,Islam,SOM,1980
SOM1985,Islam,SOM,1985
SOM1990,Islam,SOM,1990
SOM1995,Islam,SOM,1995
SOM2000,Islam,SOM,2000
SOM2005,Islam,SOM,2005
SOM2010,Islam,SOM,2010
DJI1980,Islam,DJI,1980
DJI1985,Islam,DJI,1985
DJI1990,Islam,DJI,1990
DJI1995,Islam,DJI,1995
DJI2000,Islam,DJI,2000
DJI2005,Islam,DJI,2005
DJI2010,Islam,DJI,2010
ETH1945,Christianity,ETH,1945
ETH1950,Christianity,ETH,1950
ETH1955,Christianity,ETH,1955
ETH1960,Christianity,ETH,1960
ETH1965,Christianity,ETH,1965
ETH1970,Christianity,ETH,1970
ETH1975,Christianity,ETH,1975
ETH1980,Christianity,ETH,1980
ETH1985,Christianity,ETH,1985
ETH1990,Christianity,ETH,1990
ETH1995,Christianity,ETH,1995
ETH2000,Christianity,ETH,2000
ETH2005,Christianity,ETH,2005
ETH2010,Christianity,ETH,2010
ERI1995,Islam,ERI,1995
ERI2000,Islam,ERI,2000
ERI2005,Islam,ERI,2005
ERI2010,Christianity,ERI,2010
ANG1975,Christianity,ANG,1975
ANG1980,Christianity,ANG,1980
ANG1985,Christianity,ANG,1985
ANG1990,Christianity,ANG,1990
ANG1995,Christianity,ANG,1995
ANG2000,Christianity,ANG,2000
ANG2005,Christianity,ANG,2005
ANG2010,Christianity,ANG,2010
MZM1975,Christianity,MZM,1975
MZM1980,Christianity,MZM,1980
MZM1985,Christianity,MZM,1985
MZM1990,Christianity,MZM,1990
MZM1995,Christianity,MZM,1995
MZM2000,Christianity,MZM,2000
MZM2005,Christianity,MZM,2005
MZM2010,Christianity,MZM,2010
ZAM1965,Christianity,ZAM,1965
ZAM1970,Christianity,ZAM,1970
ZAM1975,Christianity,ZAM,1975
ZAM1980,Christianity,ZAM,1980
ZAM1985,Christianity,ZAM,1985
ZAM1990,Christianity,ZAM,1990
ZAM1995,Christianity,ZAM,1995
ZAM2000,Christianity,ZAM,2000
ZAM2005,Christianity,ZAM,2005
ZAM2010,Christianity,ZAM,2010
ZIM1965,Christianity,ZIM,1965
ZIM1970,Christianity,ZIM,1970
ZIM1975,Christianity,ZIM,1975
ZIM1980,Christianity,ZIM,1980
ZIM1985,Christianity,ZIM,1985
ZIM1990,Christianity,ZIM,1990
ZIM1995,Christianity,ZIM,1995
ZIM2000,Christianity,ZIM,2000
ZIM2005,Christianity,ZIM,2005
ZIM2010,Christianity,ZIM,2010
MAW1965,Christianity,MAW,1965
MAW1970,Christianity,MAW,1970
MAW1975,Christianity,MAW,1975
MAW1980,Christianity,MAW,1980
MAW1985,Christianity,MAW,1985
MAW1990,Christianity,MAW,1990
MAW1995,Christianity,MAW,1995
MAW2000,Christianity,MAW,2000
MAW2005,Christianity,MAW,2005
MAW2010,Christianity,MAW,2010
SAF1945,Christianity,SAF,1945
SAF1950,Christianity,SAF,1950
SAF1955,Christianity,SAF,1955
SAF1960,Christianity,SAF,1960
SAF1965,Christianity,SAF,1965
SAF1970,Christianity,SAF,1970
SAF1975,Christianity,SAF,1975
SAF1980,Christianity,SAF,1980
SAF1985,Christianity,SAF,1985
SAF1990,Christianity,SAF,1990
SAF1995,Christianity,SAF,1995
SAF2000,Christianity,SAF,2000
SAF2005,Christianity,SAF,2005
SAF2010,Christianity,SAF,2010
NAM1990,Christianity,NAM,1990
NAM1995,Christianity,NAM,1995
NAM2000,Christianity,NAM,2000
NAM2005,Christianity,NAM,2005
NAM2010,Christianity,NAM,2010
LES1970,Christianity,LES,1970
LES1975,Christianity,LES,1975
LES1980,Christianity,LES,1980
LES1985,Christianity,LES,1985
LES1990,Christianity,LES,1990
LES1995,Christianity,LES,1995
LES2000,Christianity,LES,2000
LES2005,Christianity,LES,2005
LES2010,Christianity,LES,2010
BOT1970,Christianity,BOT,1970
BOT1975,Christianity,BOT,1975
BOT1980,Christianity,BOT,1980
BOT1985,Christianity,BOT,1985
BOT1990,Christianity,BOT,1990
BOT1995,Christianity,BOT,1995
BOT2000,Christianity,BOT,2000
BOT2005,Christianity,BOT,2005
BOT2010,Christianity,BOT,2010
SWA1970,Christianity,SWA,1970
SWA1975,Christianity,SWA,1975
SWA1980,Christianity,SWA,1980
SWA1985,Christianity,SWA,1985
SWA1990,Christianity,SWA,1990
SWA1995,Christianity,SWA,1995
SWA2000,Christianity,SWA,2000
SWA2005,Christianity,SWA,2005
SWA2010,Christianity,SWA,2010
MAG1960,Christianity,MAG,1960
MAG1965,Christianity,MAG,1965
MAG1970,Christianity,MAG,1970
MAG1975,Christianity,MAG,1975
MAG1980,Christianity,MAG,1980
MAG1985,Christianity,MAG,1985
MAG1990,Christianity,MAG,1990
MAG1995,Christianity,MAG,1995
MAG2000,Christianity,MAG,2000
MAG2005,Christianity,MAG,2005
MAG2010,Christianity,MAG,2010
COM1975,Islam,COM,1975
COM1980,Islam,COM,1980
COM1985,Islam,COM,1985
COM1990,Islam,COM,1990
COM1995,Islam,COM,1995
COM2000,Islam,COM,2000
COM2005,Islam,COM,2005
COM2010,Islam,COM,2010
MAS1970,Christianity,MAS,1970
MAS1975,Christianity,MAS,1975
MAS1980,Christianity,MAS,1980
MAS1985,Christianity,MAS,1985
MAS1990,Christianity,MAS,1990
MAS1995,Christianity,MAS,1995
MAS2000,Christianity,MAS,2000
MAS2005,Christianity,MAS,2005
MAS2010,Christianity,MAS,2010
SEY1980,Christianity,SEY,1980
SEY1985,Christianity,SEY,1985
SEY1990,Christianity,SEY,1990
SEY1995,Christianity,SEY,1995
SEY2000,Christianity,SEY,2000
SEY2005,Christianity,SEY,2005
SEY2010,Christianity,SEY,2010
MOR1955,Islam,MOR,1955
MOR1960,Islam,MOR,1960
MOR1965,Islam,MOR,1965
MOR1970,Islam,MOR,1970
MOR1975,Islam,MOR,1975
MOR1980,Islam,MOR,1980
MOR1985,Islam,MOR,1985
MOR1990,Islam,MOR,1990
MOR1995,Islam,MOR,1995
MOR2000,Islam,MOR,2000
MOR2005,Islam,MOR,2005
MOR2010,Islam,MOR,2010
ALG1965,Islam,ALG,1965
ALG1970,Islam,ALG,1970
ALG1975,Islam,ALG,1975
ALG1980,Islam,ALG,1980
ALG1985,Islam,ALG,1985
ALG1990,Islam,ALG,1990
ALG1995,Islam,ALG,1995
ALG2000,Islam,ALG,2000
ALG2005,Islam,ALG,2005
ALG2010,Islam,ALG,2010
TUN1955,Islam,TUN,1955
TUN1960,Islam,TUN,1960
TUN1965,Islam,TUN,1965
TUN1970,Islam,TUN,1970
TUN1975,Islam,TUN,1975
TUN1980,Islam,TUN,1980
TUN1985,Islam,TUN,1985
TUN1990,Islam,TUN,1990
TUN1995,Islam,TUN,1995
TUN2000,Islam,TUN,2000
TUN2005,Islam,TUN,2005
TUN2010,Islam,TUN,2010
LIB1950,Islam,LIB,1950
LIB1955,Islam,LIB,1955
LIB1960,Islam,LIB,1960
LIB1965,Islam,LIB,1965
LIB1970,Islam,LIB,1970
LIB1975,Islam,LIB,1975
LIB1980,Islam,LIB,1980
LIB1985,Islam,LIB,1985
LIB1990,Islam,LIB,1990
LIB1995,Islam,LIB,1995
LIB2000,Islam,LIB,2000
LIB2005,Islam,LIB,2005
LIB2010,Islam,LIB,2010
SUD1960,Islam,SUD,1960
SUD1965,Islam,SUD,1965
SUD1970,Islam,SUD,1970
SUD1975,Islam,SUD,1975
SUD1980,Islam,SUD,1980
SUD1985,Islam,SUD,1985
SUD1990,Islam,SUD,1990
SUD1995,Islam,SUD,1995
SUD2000,Islam,SUD,2000
SUD2005,Islam,SUD,2005
SUD2010,Islam,SUD,2010
IRN1945,Islam,IRN,1945
IRN1950,Islam,IRN,1950
IRN1955,Islam,IRN,1955
IRN1960,Islam,IRN,1960
IRN1965,Islam,IRN,1965
IRN1970,Islam,IRN,1970
IRN1975,Islam,IRN,1975
IRN1980,Islam,IRN,1980
IRN1985,Islam,IRN,1985
IRN1990,Islam,IRN,1990
IRN1995,Islam,IRN,1995
IRN2000,Islam,IRN,2000
IRN2005,Islam,IRN,2005
IRN2010,Islam,IRN,2010
TUR1945,Islam,TUR,1945
TUR1950,Islam,TUR,1950
TUR1955,Islam,TUR,1955
TUR1960,Islam,TUR,1960
TUR1965,Islam,TUR,1965
TUR1970,Islam,TUR,1970
TUR1975,Islam,TUR,1975
TUR1980,Islam,TUR,1980
TUR1985,Islam,TUR,1985
TUR1990,Islam,TUR,1990
TUR1995,Islam,TUR,1995
TUR2000,Islam,TUR,2000
TUR2005,Islam,TUR,2005
TUR2010,Islam,TUR,2010
IRQ1945,Islam,IRQ,1945
IRQ1950,Islam,IRQ,1950
IRQ1955,Islam,IRQ,1955
IRQ1960,Islam,IRQ,1960
IRQ1965,Islam,IRQ,1965
IRQ1970,Islam,IRQ,1970
IRQ1975,Islam,IRQ,1975
IRQ1980,Islam,IRQ,1980
IRQ1985,Islam,IRQ,1985
IRQ1990,Islam,IRQ,1990
IRQ1995,Islam,IRQ,1995
IRQ2000,Islam,IRQ,2000
IRQ2005,Islam,IRQ,2005
IRQ2010,Islam,IRQ,2010
EGY1945,Islam,EGY,1945
EGY1950,Islam,EGY,1950
EGY1955,Islam,EGY,1955
EGY1960,Islam,EGY,1960
EGY1965,Islam,EGY,1965
EGY1970,Islam,EGY,1970
EGY1975,Islam,EGY,1975
EGY1980,Islam,EGY,1980
EGY1985,Islam,EGY,1985
EGY1990,Islam,EGY,1990
EGY1995,Islam,EGY,1995
EGY2000,Islam,EGY,2000
EGY2005,Islam,EGY,2005
EGY2010,Islam,EGY,2010
SYR1950,Islam,SYR,1950
SYR1955,Islam,SYR,1955
SYR1960,Islam,SYR,1960
SYR1965,Islam,SYR,1965
SYR1970,Islam,SYR,1970
SYR1975,Islam,SYR,1975
SYR1980,Islam,SYR,1980
SYR1985,Islam,SYR,1985
SYR1990,Islam,SYR,1990
SYR1995,Islam,SYR,1995
SYR2000,Islam,SYR,2000
SYR2005,Islam,SYR,2005
SYR2010,Islam,SYR,2010
LEB1945,Christianity,LEB,1945
LEB1950,Christianity,LEB,1950
LEB1955,Christianity,LEB,1955
LEB1960,Christianity,LEB,1960
LEB1965,Christianity,LEB,1965
LEB1970,Christianity,LEB,1970
LEB1975,Christianity,LEB,1975
LEB1980,Christianity,LEB,1980
LEB1985,Christianity,LEB,1985
LEB1990,Islam,LEB,1990
LEB1995,Islam,LEB,1995
LEB2000,Islam,LEB,2000
LEB2005,Islam,LEB,2005
LEB2010,Islam,LEB,2010
JOR1945,Islam,JOR,1945
JOR1950,Islam,JOR,1950
JOR1955,Islam,JOR,1955
JOR1960,Islam,JOR,1960
JOR1965,Islam,JOR,1965
JOR1970,Islam,JOR,1970
JOR1975,Islam,JOR,1975
JOR1980,Islam,JOR,1980
JOR1985,Islam,JOR,1985
JOR1990,Islam,JOR,1990
JOR1995,Islam,JOR,1995
JOR2000,Islam,JOR,2000
JOR2005,Islam,JOR,2005
JOR2010,Islam,JOR,2010
ISR1950,Judaism,ISR,1950
ISR1955,Judaism,ISR,1955
ISR1960,Judaism,ISR,1960
ISR1965,Judaism,ISR,1965
ISR1970,Judaism,ISR,1970
ISR1975,Judaism,ISR,1975
ISR1980,Judaism,ISR,1980
ISR1985,Judaism,ISR,1985
ISR1990,Judaism,ISR,1990
ISR1995,Judaism,ISR,1995
ISR2000,Judaism,ISR,2000
ISR2005,Judaism,ISR,2005
ISR2010,Judaism,ISR,2010
SAU1945,Islam,SAU,1945
SAU1950,Islam,SAU,1950
SAU1955,Islam,SAU,1955
SAU1960,Islam,SAU,1960
SAU1965,Islam,SAU,1965
SAU1970,Islam,SAU,1970
SAU1975,Islam,SAU,1975
SAU1980,Islam,SAU,1980
SAU1985,Islam,SAU,1985
SAU1990,Islam,SAU,1990
SAU1995,Islam,SAU,1995
SAU2000,Islam,SAU,2000
SAU2005,Islam,SAU,2005
SAU2010,Islam,SAU,2010
YAR1945,Islam,YAR,1945
YAR1950,Islam,YAR,1950
YAR1955,Islam,YAR,1955
YAR1960,Islam,YAR,1960
YAR1965,Islam,YAR,1965
YAR1970,Islam,YAR,1970
YAR1975,Islam,YAR,1975
YAR1980,Islam,YAR,1980
YAR1985,Islam,YAR,1985
YAR1990,Islam,YAR,1990
YEM1990,Islam,YEM,1990
YEM1995,Islam,YEM,1995
YEM2000,Islam,YEM,2000
YEM2005,Islam,YEM,2005
YEM2010,Islam,YEM,2010
YPR1970,Islam,YPR,1970
YPR1975,Islam,YPR,1975
YPR1980,Islam,YPR,1980
YPR1985,Islam,YPR,1985
YPR1990,Islam,YPR,1990
KUW1960,Islam,KUW,1960
KUW1965,Islam,KUW,1965
KUW1970,Islam,KUW,1970
KUW1975,Islam,KUW,1975
KUW1980,Islam,KUW,1980
KUW1985,Islam,KUW,1985
KUW1990,Islam,KUW,1990
KUW1995,Islam,KUW,1995
KUW2000,Islam,KUW,2000
KUW2005,Islam,KUW,2005
KUW2010,Islam,KUW,2010
BAH1970,Islam,BAH,1970
BAH1975,Islam,BAH,1975
BAH1980,Islam,BAH,1980
BAH1985,Islam,BAH,1985
BAH1990,Islam,BAH,1990
BAH1995,Islam,BAH,1995
BAH2000,Islam,BAH,2000
BAH2005,Islam,BAH,2005
BAH2010,Islam,BAH,2010
QAT1970,Islam,QAT,1970
QAT1975,Islam,QAT,1975
QAT1980,Islam,QAT,1980
QAT1985,Islam,QAT,1985
QAT1990,Islam,QAT,1990
QAT1995,Islam,QAT,1995
QAT2000,Islam,QAT,2000
QAT2005,Islam,QAT,2005
QAT2010,Islam,QAT,2010
UAE1970,Islam,UAE,1970
UAE1975,Islam,UAE,1975
UAE1980,Islam,UAE,1980
UAE1985,Islam,UAE,1985
UAE1990,Islam,UAE,1990
UAE1995,Islam,UAE,1995
UAE2000,Islam,UAE,2000
UAE2005,Islam,UAE,2005
UAE2010,Islam,UAE,2010
OMA1970,Islam,OMA,1970
OMA1975,Islam,OMA,1975
OMA1980,Islam,OMA,1980
OMA1985,Islam,OMA,1985
OMA1990,Islam,OMA,1990
OMA1995,Islam,OMA,1995
OMA2000,Islam,OMA,2000
OMA2005,Islam,OMA,2005
OMA2010,Islam,OMA,2010
AFG1945,Islam,AFG,1945
AFG1950,Islam,AFG,1950
AFG1955,Islam,AFG,1955
AFG1960,Islam,AFG,1960
AFG1965,Islam,AFG,1965
AFG1970,Islam,AFG,1970
AFG1975,Islam,AFG,1975
AFG1980,Islam,AFG,1980
AFG1985,Islam,AFG,1985
AFG1990,Islam,AFG,1990
AFG1995,Islam,AFG,1995
AFG2000,Islam,AFG,2000
AFG2005,Islam,AFG,2005
AFG2010,Islam,AFG,2010
TKM1995,Islam,TKM,1995
TKM2000,Islam,TKM,2000
TKM2005,Islam,TKM,2005
TKM2010,Islam,TKM,2010
TAJ1995,Islam,TAJ,1995
TAJ2000,Islam,TAJ,2000
TAJ2005,Islam,TAJ,2005
TAJ2010,Islam,TAJ,2010
KYR1995,Islam,KYR,1995
KYR2000,Islam,KYR,2000
KYR2005,Islam,KYR,2005
KYR2010,Islam,KYR,2010
UZB1995,Islam,UZB,1995
UZB2000,Islam,UZB,2000
UZB2005,Islam,UZB,2005
UZB2010,Islam,UZB,2010
KZK1995,Islam,KZK,1995
KZK2000,Islam,KZK,2000
KZK2005,Islam,KZK,2005
KZK2010,Islam,KZK,2010
CHN1945,Syncretic,CHN,1945
CHN1950,Syncretic,CHN,1950
CHN1955,Syncretic,CHN,1955
CHN1960,Syncretic,CHN,1960
CHN1965,Syncretic,CHN,1965
CHN1970,Syncretic,CHN,1970
CHN1975,Non Religious,CHN,1975
CHN1980,Non Religious,CHN,1980
CHN1985,Non Religious,CHN,1985
CHN1990,Non Religious,CHN,1990
CHN1995,Syncretic,CHN,1995
CHN2000,Syncretic,CHN,2000
CHN2005,Syncretic,CHN,2005
CHN2010,Syncretic,CHN,2010
MON1945,Non Religious,MON,1945
MON1950,Animist,MON,1950
MON1955,Non Religious,MON,1955
MON1960,Non Religious,MON,1960
MON1965,Non Religious,MON,1965
MON1970,Non Religious,MON,1970
MON1975,Non Religious,MON,1975
MON1980,Buddhism,MON,1980
MON1985,Buddhism,MON,1985
MON1990,Buddhism,MON,1990
MON1995,Buddhism,MON,1995
MON2000,Buddhism,MON,2000
MON2005,Buddhism,MON,2005
MON2010,Buddhism,MON,2010
TAW1950,Syncretic,TAW,1950
TAW1955,Syncretic,TAW,1955
TAW1960,Syncretic,TAW,1960
TAW1965,Syncretic,TAW,1965
TAW1970,Syncretic,TAW,1970
TAW1975,Buddhism,TAW,1975
TAW1980,Buddhism,TAW,1980
TAW1985,Buddhism,TAW,1985
TAW1990,Buddhism,TAW,1990
TAW1995,Syncretic,TAW,1995
TAW2000,Buddhism,TAW,2000
TAW2005,Buddhism,TAW,2005
TAW2010,Buddhism,TAW,2010
PRK1950,Animist,PRK,1950
PRK1955,Animist,PRK,1955
PRK1960,Non Religious,PRK,1960
PRK1965,Non Religious,PRK,1965
PRK1970,Non Religious,PRK,1970
PRK1975,Non Religious,PRK,1975
PRK1980,Non Religious,PRK,1980
PRK1985,Non Religious,PRK,1985
PRK1990,Non Religious,PRK,1990
PRK1995,Non Religious,PRK,1995
PRK2000,Non Religious,PRK,2000
PRK2005,Non Religious,PRK,2005
PRK2010,Non Religious,PRK,2010
ROK1950,Animist,ROK,1950
ROK1955,Animist,ROK,1955
ROK1960,Animist,ROK,1960
ROK1965,Animist,ROK,1965
ROK1970,Animist,ROK,1970
ROK1975,Christianity,ROK,1975
ROK1980,Christianity,ROK,1980
ROK1985,Non Religious,ROK,1985
ROK1990,Non Religious,ROK,1990
ROK1995,Christianity,ROK,1995
ROK2000,Christianity,ROK,2000
ROK2005,Christianity,ROK,2005
ROK2010,Christianity,ROK,2010
JPN1945,Buddhism,JPN,1945
JPN1950,Buddhism,JPN,1950
JPN1955,Buddhism,JPN,1955
JPN1960,Buddhism,JPN,1960
JPN1965,Buddhism,JPN,1965
JPN1970,Buddhism,JPN,1970
JPN1975,Buddhism,JPN,1975
JPN1980,Buddhism,JPN,1980
JPN1985,Buddhism,JPN,1985
JPN1990,Buddhism,JPN,1990
JPN1995,Buddhism,JPN,1995
JPN2000,Buddhism,JPN,2000
JPN2005,Buddhism,JPN,2005
JPN2010,Buddhism,JPN,2010
IND1950,Hindu,IND,1950
IND1955,Hindu,IND,1955
IND1960,Hindu,IND,1960
IND1965,Hindu,IND,1965
IND1970,Hindu,IND,1970
IND1975,Hindu,IND,1975
IND1980,Hindu,IND,1980
IND1985,Hindu,IND,1985
IND1990,Hindu,IND,1990
IND1995,Hindu,IND,1995
IND2000,Hindu,IND,2000
IND2005,Hindu,IND,2005
IND2010,Hindu,IND,2010
BHU1975,Buddhism,BHU,1975
BHU1980,Buddhism,BHU,1980
BHU1985,Buddhism,BHU,1985
BHU1990,Buddhism,BHU,1990
BHU1995,Buddhism,BHU,1995
BHU2000,Buddhism,BHU,2000
BHU2005,Buddhism,BHU,2005
BHU2010,Buddhism,BHU,2010
PAK1950,Islam,PAK,1950
PAK1955,Islam,PAK,1955
PAK1960,Islam,PAK,1960
PAK1965,Islam,PAK,1965
PAK1970,Islam,PAK,1970
PAK1975,Islam,PAK,1975
PAK1980,Islam,PAK,1980
PAK1985,Islam,PAK,1985
PAK1990,Islam,PAK,1990
PAK1995,Islam,PAK,1995
PAK2000,Islam,PAK,2000
PAK2005,Islam,PAK,2005
PAK2010,Islam,PAK,2010
BNG1975,Islam,BNG,1975
BNG1980,Islam,BNG,1980
BNG1985,Islam,BNG,1985
BNG1990,Islam,BNG,1990
BNG1995,Islam,BNG,1995
BNG2000,Islam,BNG,2000
BNG2005,Islam,BNG,2005
BNG2010,Islam,BNG,2010
MYA1950,Buddhism,MYA,1950
MYA1955,Buddhism,MYA,1955
MYA1960,Buddhism,MYA,1960
MYA1965,Buddhism,MYA,1965
MYA1970,Buddhism,MYA,1970
MYA1975,Buddhism,MYA,1975
MYA1980,Buddhism,MYA,1980
MYA1985,Buddhism,MYA,1985
MYA1990,Buddhism,MYA,1990
MYA1995,Buddhism,MYA,1995
MYA2000,Buddhism,MYA,2000
MYA2005,Buddhism,MYA,2005
MYA2010,Buddhism,MYA,2010
SRI1950,Buddhism,SRI,1950
SRI1955,Buddhism,SRI,1955
SRI1960,Buddhism,SRI,1960
SRI1965,Buddhism,SRI,1965
SRI1970,Buddhism,SRI,1970
SRI1975,Buddhism,SRI,1975
SRI1980,Buddhism,SRI,1980
SRI1985,Buddhism,SRI,1985
SRI1990,Buddhism,SRI,1990
SRI1995,Buddhism,SRI,1995
SRI2000,Buddhism,SRI,2000
SRI2005,Buddhism,SRI,2005
SRI2010,Buddhism,SRI,2010
MAD1965,Islam,MAD,1965
MAD1970,Islam,MAD,1970
MAD1975,Islam,MAD,1975
MAD1980,Islam,MAD,1980
MAD1985,Islam,MAD,1985
MAD1990,Islam,MAD,1990
MAD1995,Islam,MAD,1995
MAD2000,Islam,MAD,2000
MAD2005,Islam,MAD,2005
MAD2010,Islam,MAD,2010
NEP1945,Hindu,NEP,1945
NEP1950,Hindu,NEP,1950
NEP1955,Hindu,NEP,1955
NEP1960,Hindu,NEP,1960
NEP1965,Hindu,NEP,1965
NEP1970,Hindu,NEP,1970
NEP1975,Hindu,NEP,1975
NEP1980,Hindu,NEP,1980
NEP1985,Hindu,NEP,1985
NEP1990,Hindu,NEP,1990
NEP1995,Hindu,NEP,1995
NEP2000,Hindu,NEP,2000
NEP2005,Hindu,NEP,2005
NEP2010,Hindu,NEP,2010
THI1945,Buddhism,THI,1945
THI1950,Buddhism,THI,1950
THI1955,Buddhism,THI,1955
THI1960,Buddhism,THI,1960
THI1965,Buddhism,THI,1965
THI1970,Buddhism,THI,1970
THI1975,Buddhism,THI,1975
THI1980,Buddhism,THI,1980
THI1985,Buddhism,THI,1985
THI1990,Buddhism,THI,1990
THI1995,Buddhism,THI,1995
THI2000,Buddhism,THI,2000
THI2005,Buddhism,THI,2005
THI2010,Buddhism,THI,2010
CAM1955,Buddhism,CAM,1955
CAM1960,Buddhism,CAM,1960
CAM1965,Buddhism,CAM,1965
CAM1970,Buddhism,CAM,1970
CAM1975,Buddhism,CAM,1975
CAM1980,Buddhism,CAM,1980
CAM1985,Buddhism,CAM,1985
CAM1990,Buddhism,CAM,1990
CAM1995,Buddhism,CAM,1995
CAM2000,Buddhism,CAM,2000
CAM2005,Buddhism,CAM,2005
CAM2010,Buddhism,CAM,2010
LAO1955,Buddhism,LAO,1955
LAO1960,Buddhism,LAO,1960
LAO1965,Buddhism,LAO,1965
LAO1970,Buddhism,LAO,1970
LAO1975,Buddhism,LAO,1975
LAO1980,Buddhism,LAO,1980
LAO1985,Buddhism,LAO,1985
LAO1990,Buddhism,LAO,1990
LAO1995,Buddhism,LAO,1995
LAO2000,Buddhism,LAO,2000
LAO2005,Buddhism,LAO,2005
LAO2010,Buddhism,LAO,2010
DRV1955,Non Religious,DRV,1955
DRV1960,Non Religious,DRV,1960
DRV1965,Non Religious,DRV,1965
DRV1970,Non Religious,DRV,1970
DRV1975,Non Religious,DRV,1975
DRV1980,Non Religious,DRV,1980
DRV1985,Non Religious,DRV,1985
DRV1990,Non Religious,DRV,1990
DRV1995,Non Religious,DRV,1995
DRV2000,Buddhism,DRV,2000
DRV2005,Buddhism,DRV,2005
DRV2010,Buddhism,DRV,2010
RVN1955,Buddhism,RVN,1955
RVN1960,Buddhism,RVN,1960
RVN1965,Buddhism,RVN,1965
RVN1970,Buddhism,RVN,1970
MAL1960,Islam,MAL,1960
MAL1965,Islam,MAL,1965
MAL1970,Islam,MAL,1970
MAL1975,Islam,MAL,1975
MAL1980,Islam,MAL,1980
MAL1985,Islam,MAL,1985
MAL1990,Islam,MAL,1990
MAL1995,Islam,MAL,1995
MAL2000,Islam,MAL,2000
MAL2005,Islam,MAL,2005
MAL2010,Islam,MAL,2010
SIN1965,Syncretic,SIN,1965
SIN1970,Syncretic,SIN,1970
SIN1975,Syncretic,SIN,1975
SIN1980,Syncretic,SIN,1980
SIN1985,Syncretic,SIN,1985
SIN1990,Syncretic,SIN,1990
SIN1995,Syncretic,SIN,1995
SIN2000,Buddhism,SIN,2000
SIN2005,Buddhism,SIN,2005
SIN2010,Buddhism,SIN,2010
BRU1985,Islam,BRU,1985
BRU1990,Islam,BRU,1990
BRU1995,Islam,BRU,1995
BRU2000,Islam,BRU,2000
BRU2005,Islam,BRU,2005
BRU2010,Islam,BRU,2010
PHI1950,Christianity,PHI,1950
PHI1955,Christianity,PHI,1955
PHI1960,Christianity,PHI,1960
PHI1965,Christianity,PHI,1965
PHI1970,Christianity,PHI,1970
PHI1975,Christianity,PHI,1975
PHI1980,Christianity,PHI,1980
PHI1985,Christianity,PHI,1985
PHI1990,Christianity,PHI,1990
PHI1995,Christianity,PHI,1995
PHI2000,Christianity,PHI,2000
PHI2005,Christianity,PHI,2005
PHI2010,Christianity,PHI,2010
INS1950,Islam,INS,1950
INS1955,Islam,INS,1955
INS1960,Islam,INS,1960
INS1965,Islam,INS,1965
INS1970,Islam,INS,1970
INS1975,Islam,INS,1975
INS1990,Islam,INS,1990
INS1995,Islam,INS,1995
INS2000,Islam,INS,2000
INS2005,Islam,INS,2005
INS2010,Islam,INS,2010
ETM2005,Christianity,ETM,2005
ETM2010,Christianity,ETM,2010
AUL1945,Christianity,AUL,1945
AUL1950,Christianity,AUL,1950
AUL1955,Christianity,AUL,1955
AUL1960,Christianity,AUL,1960
AUL1965,Christianity,AUL,1965
AUL1970,Christianity,AUL,1970
AUL1975,Christianity,AUL,1975
AUL1980,Christianity,AUL,1980
AUL1985,Christianity,AUL,1985
AUL1990,Christianity,AUL,1990
AUL1995,Christianity,AUL,1995
AUL2000,Christianity,AUL,2000
AUL2005,Christianity,AUL,2005
AUL2010,Christianity,AUL,2010
PNG1975,Christianity,PNG,1975
PNG1980,Christianity,PNG,1980
PNG1985,Christianity,PNG,1985
PNG1990,Christianity,PNG,1990
PNG1995,Christianity,PNG,1995
PNG2000,Christianity,PNG,2000
PNG2005,Christianity,PNG,2005
PNG2010,Christianity,PNG,2010
NEW1945,Christianity,NEW,1945
NEW1950,Christianity,NEW,1950
NEW1955,Christianity,NEW,1955
NEW1960,Christianity,NEW,1960
NEW1965,Christianity,NEW,1965
NEW1970,Christianity,NEW,1970
NEW1975,Christianity,NEW,1975
NEW1980,Christianity,NEW,1980
NEW1985,Christianity,NEW,1985
NEW1990,Christianity,NEW,1990
NEW1995,Christianity,NEW,1995
NEW2000,Christianity,NEW,2000
NEW2005,Christianity,NEW,2005
NEW2010,Christianity,NEW,2010
VAN1985,Christianity,VAN,1985
VAN1990,Christianity,VAN,1990
VAN1995,Christianity,VAN,1995
VAN2000,Christianity,VAN,2000
VAN2005,Christianity,VAN,2005
VAN2010,Christianity,VAN,2010
SOL1980,Christianity,SOL,1980
SOL1985,Christianity,SOL,1985
SOL1990,Christianity,SOL,1990
SOL1995,Christianity,SOL,1995
SOL2000,Christianity,SOL,2000
SOL2005,Christianity,SOL,2005
SOL2010,Christianity,SOL,2010
KIR2000,Christianity,KIR,2000
KIR2005,Christianity,KIR,2005
KIR2010,Christianity,KIR,2010
TUV2000,Christianity,TUV,2000
TUV2005,Christianity,TUV,2005
TUV2010,Christianity,TUV,2010
FIJ1970,Christianity,FIJ,1970
FIJ1975,Christianity,FIJ,1975
FIJ1980,Christianity,FIJ,1980
FIJ1985,Christianity,FIJ,1985
FIJ1990,Christianity,FIJ,1990
FIJ1995,Christianity,FIJ,1995
FIJ2000,Christianity,FIJ,2000
FIJ2005,Christianity,FIJ,2005
FIJ2010,Christianity,FIJ,2010
TON2000,Christianity,TON,2000
TON2005,Christianity,TON,2005
TON2010,Christianity,TON,2010
NAU2000,Christianity,NAU,2000
NAU2005,Christianity,NAU,2005
NAU2010,Christianity,NAU,2010
MSI1995,Christianity,MSI,1995
MSI2000,Christianity,MSI,2000
MSI2005,Christianity,MSI,2005
MSI2010,Christianity,MSI,2010
PAL1995,Christianity,PAL,1995
PAL2000,Christianity,PAL,2000
PAL2005,Christianity,PAL,2005
PAL2010,Christianity,PAL,2010
FSM1995,Christianity,FSM,1995
FSM2000,Christianity,FSM,2000
FSM2005,Christianity,FSM,2005
FSM2010,Christianity,FSM,2010
WSM1980,Christianity,WSM,1980
WSM1985,Christianity,WSM,1985
WSM1990,Christianity,WSM,1990
WSM1995,Christianity,WSM,1995
WSM2000,Christianity,WSM,2000
WSM2005,Christianity,WSM,2005
WSM2010,Christianity,WSM,2010
